Data,Site,Caracteristica,numero_de_vagas
2023-07-04 06:58:26.905179,vagas.com,CCNA, 1
2023-07-04 06:58:26.905179,vagas.com,JNCIA, 1
2023-07-04 06:58:26.905179,vagas.com,PCNSA, 1
2023-07-04 06:58:26.905179,vagas.com,NSE, 1
2023-07-04 06:58:26.905179,vagas.com,ITIL, 29
2023-07-04 06:58:26.905179,vagas.com,COBIT, 9
2023-07-04 06:58:26.905179,vagas.com,AZURE, 33
2023-07-04 06:58:26.905179,vagas.com,MCSE, 3
2023-07-04 06:58:26.906137,vagas.com,AWS, 37
2023-07-04 06:58:26.906137,vagas.com,COMPTIA, 1
2023-07-04 06:58:26.906137,vagas.com,CISSP, 4
2023-07-04 06:58:26.906137,vagas.com,GCP, 8
2023-07-04 06:58:26.906137,vagas.com,OCI, 2
2023-07-04 06:58:26.906137,vagas.com,PMP, 3
2023-07-04 06:58:26.906137,vagas.com,VMware, 13
2023-07-04 06:58:31.606689,catho.com,MTCNA, 5
2023-07-04 06:58:31.606689,catho.com,CCNA, 158
2023-07-04 06:58:31.606689,catho.com,HCIA, 13
2023-07-04 06:58:31.606689,catho.com,JNCIA, 3
2023-07-04 06:58:31.606689,catho.com,NSE, 10
2023-07-04 06:58:31.606689,catho.com,ITIL, 273
2023-07-04 06:58:31.606689,catho.com,COBIT, 52
2023-07-04 06:58:31.606689,catho.com,AZURE, 486
2023-07-04 06:58:31.606689,catho.com,MCSE, 20
2023-07-04 06:58:31.606689,catho.com,AWS, 692
2023-07-04 06:58:31.606689,catho.com,COMPTIA, 30
2023-07-04 06:58:31.606689,catho.com,UniFi, 8
2023-07-04 06:58:31.606689,catho.com,CISSP, 17
2023-07-04 06:58:31.606689,catho.com,GCP, 106
2023-07-04 06:58:31.606689,catho.com,OCI, 19
2023-07-04 06:58:31.606689,catho.com,PMP, 55
2023-07-04 06:58:31.606689,catho.com,VMware, 147
2023-07-04 06:58:49.886230,infojobs.com, CCNA, 17
2023-07-04 06:58:49.886230,infojobs.com, ITIL, 118
2023-07-04 06:58:49.886230,infojobs.com, COBIT, 17
2023-07-04 06:58:49.886230,infojobs.com, AZURE, 91
2023-07-04 06:58:49.886230,infojobs.com, MCSE, 22
2023-07-04 06:58:49.886230,infojobs.com, AWS, 122
2023-07-04 06:58:49.886230,infojobs.com, GCP, 18
2023-07-04 06:58:49.886230,infojobs.com, VMware, 43
2023-07-04 06:58:59.101066,vagas.com,python, 57
2023-07-04 06:58:59.101066,vagas.com,Linguagem C++, 13
2023-07-04 06:58:59.101066,vagas.com,JavaScript, 36
2023-07-04 06:58:59.101066,vagas.com,TypeScript, 7
2023-07-04 06:58:59.102079,vagas.com,PHP, 12
2023-07-04 06:58:59.102079,vagas.com,Kotlin, 1
2023-07-04 06:58:59.102079,vagas.com,Java, 42
2023-07-04 06:58:59.102079,vagas.com,Ruby on Rails, 2
2023-07-04 06:58:59.102079,vagas.com,shellscript, 1
2023-07-04 06:59:02.723046,catho.com,python, 561
2023-07-04 06:59:02.723046,catho.com,Linguagem C++, 31
2023-07-04 06:59:02.723046,catho.com,JavaScript, 1064
2023-07-04 06:59:02.723046,catho.com,TypeScript, 199
2023-07-04 06:59:02.723046,catho.com,PHP, 466
2023-07-04 06:59:02.723046,catho.com,Swift, 6
2023-07-04 06:59:02.723046,catho.com,Kotlin, 96
2023-07-04 06:59:02.723046,catho.com,Java, 885
2023-07-04 06:59:02.723046,catho.com,Ruby on Rails, 22
2023-07-04 06:59:02.723046,catho.com,shellscript, 17
2023-07-04 06:59:02.723046,catho.com,Rust, 3
2023-07-04 06:59:16.044042,infojobs.com, python, 218
2023-07-04 06:59:16.044042,infojobs.com, Linguagem C++, 24
2023-07-04 06:59:16.044042,infojobs.com, JavaScript, 313
2023-07-04 06:59:16.044042,infojobs.com, TypeScript, 35
2023-07-04 06:59:16.044042,infojobs.com, PHP, 118
2023-07-04 06:59:16.044042,infojobs.com, Java, 247
2023-07-04 06:59:16.045056,infojobs.com, Ruby on Rails, 25
2023-07-05 08:10:26.063056,vagas.com,CCNA, 1
2023-07-05 08:10:26.063056,vagas.com,JNCIA, 1
2023-07-05 08:10:26.063056,vagas.com,PCNSA, 1
2023-07-05 08:10:26.063056,vagas.com,NSE, 1
2023-07-05 08:10:26.063056,vagas.com,ITIL, 31
2023-07-05 08:10:26.063056,vagas.com,COBIT, 9
2023-07-05 08:10:26.063056,vagas.com,AZURE, 35
2023-07-05 08:10:26.063056,vagas.com,MCSE, 4
2023-07-05 08:10:26.063056,vagas.com,AWS, 39
2023-07-05 08:10:26.063056,vagas.com,CISSP, 3
2023-07-05 08:10:26.063056,vagas.com,GCP, 8
2023-07-05 08:10:26.063056,vagas.com,OCI, 2
2023-07-05 08:10:26.063056,vagas.com,PMP, 4
2023-07-05 08:10:26.063056,vagas.com,VMware, 14
2023-07-05 08:10:37.836543,catho.com,MTCNA, 5
2023-07-05 08:10:37.836543,catho.com,CCNA, 155
2023-07-05 08:10:37.836543,catho.com,HCIA, 13
2023-07-05 08:10:37.836543,catho.com,JNCIA, 3
2023-07-05 08:10:37.836543,catho.com,NSE, 11
2023-07-05 08:10:37.836543,catho.com,ITIL, 272
2023-07-05 08:10:37.836543,catho.com,COBIT, 52
2023-07-05 08:10:37.836543,catho.com,AZURE, 499
2023-07-05 08:10:37.836543,catho.com,MCSE, 19
2023-07-05 08:10:37.836543,catho.com,AWS, 853
2023-07-05 08:10:37.836543,catho.com,COMPTIA, 30
2023-07-05 08:10:37.836543,catho.com,UniFi, 8
2023-07-05 08:10:37.836543,catho.com,CISSP, 16
2023-07-05 08:10:37.836543,catho.com,GCP, 135
2023-07-05 08:10:37.836543,catho.com,OCI, 16
2023-07-05 08:10:37.836543,catho.com,PMP, 51
2023-07-05 08:10:37.836543,catho.com,VMware, 147
2023-07-05 08:10:56.614849,infojobs.com, CCNA, 13
2023-07-05 08:10:56.614849,infojobs.com, ITIL, 114
2023-07-05 08:10:56.614849,infojobs.com, COBIT, 15
2023-07-05 08:10:56.614849,infojobs.com, AZURE, 93
2023-07-05 08:10:56.614849,infojobs.com, MCSE, 22
2023-07-05 08:10:56.614849,infojobs.com, AWS, 121
2023-07-05 08:10:56.614849,infojobs.com, GCP, 20
2023-07-05 08:10:56.614849,infojobs.com, VMware, 43
2023-07-09 09:19:54.415437,vagas.com,CCNA, 1
2023-07-09 09:19:54.415437,vagas.com,JNCIA, 1
2023-07-09 09:19:54.415437,vagas.com,PCNSA, 2
2023-07-09 09:19:54.415437,vagas.com,NSE, 1
2023-07-09 09:19:54.416481,vagas.com,ITIL, 34
2023-07-09 09:19:54.416481,vagas.com,COBIT, 10
2023-07-09 09:19:54.416481,vagas.com,AZURE, 49
2023-07-09 09:19:54.416481,vagas.com,MCSE, 4
2023-07-09 09:19:54.416481,vagas.com,AWS, 39
2023-07-09 09:19:54.416481,vagas.com,CISSP, 4
2023-07-09 09:19:54.416481,vagas.com,GCP, 7
2023-07-09 09:19:54.416481,vagas.com,OCI, 2
2023-07-09 09:19:54.416481,vagas.com,PMP, 5
2023-07-09 09:19:54.416481,vagas.com,VMware, 13
2023-07-09 09:19:58.223427,catho.com,PCNSA, 1
2023-07-09 09:19:58.223427,catho.com,MTCNA, 6
2023-07-09 09:19:58.223427,catho.com,CCNA, 163
2023-07-09 09:19:58.223427,catho.com,HCIA, 13
2023-07-09 09:19:58.223427,catho.com,JNCIA, 3
2023-07-09 09:19:58.223427,catho.com,NSE, 10
2023-07-09 09:19:58.223427,catho.com,ITIL, 298
2023-07-09 09:19:58.223427,catho.com,COBIT, 60
2023-07-09 09:19:58.223427,catho.com,AZURE, 566
2023-07-09 09:19:58.223427,catho.com,MCSE, 21
2023-07-09 09:19:58.223427,catho.com,AWS, 902
2023-07-09 09:19:58.223427,catho.com,COMPTIA, 26
2023-07-09 09:19:58.223427,catho.com,UniFi, 10
2023-07-09 09:19:58.223427,catho.com,CISSP, 13
2023-07-09 09:19:58.223427,catho.com,GCP, 136
2023-07-09 09:19:58.223427,catho.com,OCI, 21
2023-07-09 09:19:58.223427,catho.com,PMP, 61
2023-07-09 09:19:58.223427,catho.com,VMware, 172
2023-07-09 09:20:15.342955,infojobs.com,CCNA, 15
2023-07-09 09:20:15.342955,infojobs.com,ITIL, 104
2023-07-09 09:20:15.342955,infojobs.com,COBIT, 14
2023-07-09 09:20:15.342955,infojobs.com,AZURE, 80
2023-07-09 09:20:15.342955,infojobs.com,MCSE, 20
2023-07-09 09:20:15.342955,infojobs.com,AWS, 112
2023-07-09 09:20:15.342955,infojobs.com,GCP, 19
2023-07-09 09:20:15.342955,infojobs.com,VMware, 40
2023-07-09 09:20:22.010538,vagas.com,python, 59
2023-07-09 09:20:22.010538,vagas.com,Linguagem C++, 16
2023-07-09 09:20:22.010538,vagas.com,JavaScript, 40
2023-07-09 09:20:22.010538,vagas.com,TypeScript, 7
2023-07-09 09:20:22.010538,vagas.com,PHP, 10
2023-07-09 09:20:22.010538,vagas.com,Kotlin, 2
2023-07-09 09:20:22.010538,vagas.com,Java, 40
2023-07-09 09:20:22.010538,vagas.com,Ruby on Rails, 2
2023-07-09 09:20:22.010538,vagas.com,shellscript, 1
2023-07-09 09:20:24.919133,catho.com,python, 1088
2023-07-09 09:20:24.919133,catho.com,Linguagem C++, 107
2023-07-09 09:20:24.919133,catho.com,JavaScript, 1384
2023-07-09 09:20:24.919133,catho.com,TypeScript, 223
2023-07-09 09:20:24.919133,catho.com,PHP, 570
2023-07-09 09:20:24.919133,catho.com,Swift, 8
2023-07-09 09:20:24.919133,catho.com,Kotlin, 102
2023-07-09 09:20:24.919133,catho.com,Java, 1367
2023-07-09 09:20:24.919133,catho.com,Ruby on Rails, 64
2023-07-09 09:20:24.919133,catho.com,shellscript, 14
2023-07-09 09:20:24.919133,catho.com,Rust, 5
2023-07-09 09:20:37.363557,infojobs.com,python, 218
2023-07-09 09:20:37.363557,infojobs.com,Linguagem C++, 25
2023-07-09 09:20:37.363557,infojobs.com,JavaScript, 297
2023-07-09 09:20:37.363557,infojobs.com,TypeScript, 34
2023-07-09 09:20:37.363557,infojobs.com,PHP, 101
2023-07-09 09:20:37.363557,infojobs.com,Java, 243
2023-07-09 09:20:37.363557,infojobs.com,Ruby on Rails, 25
2023-07-09 09:20:43.630484,catho.com,Elasticsearch, 2
2023-07-09 09:20:43.630484,catho.com,MySQL, 11
2023-07-09 09:20:43.630484,catho.com,PostgreSQL, 8
2023-07-09 09:20:43.630484,catho.com,MongoDB, 6
2023-07-09 09:20:43.630484,catho.com,GraphQL, 1
2023-07-09 09:20:43.630484,catho.com,Microsoft SQL Server, 11
2023-07-09 09:20:43.630484,catho.com,DynamoDB, 1
2023-07-09 09:20:51.912452,catho.com,Elasticsearch, 19
2023-07-09 09:20:51.912452,catho.com,MariaDB, 16
2023-07-09 09:20:51.912452,catho.com,MySQL, 551
2023-07-09 09:20:51.912452,catho.com,OracleDB, 1
2023-07-09 09:20:51.912452,catho.com,PostgreSQL, 200
2023-07-09 09:20:51.912452,catho.com,MongoDB, 146
2023-07-09 09:20:51.912452,catho.com,SQLite, 14
2023-07-09 09:20:51.912452,catho.com,Redis DB, 2
2023-07-09 09:20:51.912452,catho.com,Cassandra, 15
2023-07-09 09:20:51.912452,catho.com,IBM DB2, 11
2023-07-09 09:20:51.912452,catho.com,GraphQL, 45
2023-07-09 09:20:51.912452,catho.com,Microsoft SQL Server, 1476
2023-07-09 09:20:51.912452,catho.com,Firebase, 34
2023-07-09 09:20:51.912452,catho.com,DynamoDB, 17
2023-07-09 09:21:03.871534,infojobs.com,MySQL, 118
2023-07-09 09:21:03.871534,infojobs.com,PostgreSQL, 47
2023-07-09 09:21:03.871534,infojobs.com,MongoDB, 20
2023-07-09 09:21:03.871534,infojobs.com,Microsoft SQL Server, 28
2023-07-09 09:21:13.413831,catho.com,Node.js, 1
2023-07-09 09:21:13.413831,catho.com,jQuery, 8
2023-07-09 09:21:13.413831,catho.com,Express.js, 1
2023-07-09 09:21:13.413831,catho.com,Angular.js, 36
2023-07-09 09:21:13.413831,catho.com,Vue.js, 1
2023-07-09 09:21:13.413831,catho.com,ASP.NET, 13
2023-07-09 09:21:13.413831,catho.com,Flask, 1
2023-07-09 09:21:13.413831,catho.com,Next.js, 1
2023-07-09 09:21:13.413831,catho.com,Laravel, 4
2023-07-09 09:21:13.413831,catho.com,FastAPI, 1
2023-07-09 09:21:17.316781,catho.com,Node.js, 143
2023-07-09 09:21:17.316781,catho.com,React.js, 68
2023-07-09 09:21:17.316781,catho.com,jQuery, 186
2023-07-09 09:21:17.316781,catho.com,Express.js, 7
2023-07-09 09:21:17.316781,catho.com,Angular.js, 899
2023-07-09 09:21:17.316781,catho.com,Vue.js, 40
2023-07-09 09:21:17.316781,catho.com,ASP.NET, 76
2023-07-09 09:21:17.316781,catho.com,Django, 257
2023-07-09 09:21:17.316781,catho.com,Flask, 14
2023-07-09 09:21:17.316781,catho.com,Next.js, 15
2023-07-09 09:21:17.316781,catho.com,Laravel, 478
2023-07-09 09:21:17.316781,catho.com,Nuxt.js, 2
2023-07-09 09:21:29.774764,infojobs.com,Node.js, 20
2023-07-09 09:21:29.774764,infojobs.com,jQuery, 39
2023-07-09 09:21:29.774764,infojobs.com,Django, 50
2023-07-09 09:21:29.774764,infojobs.com,Laravel, 29
2023-07-09 09:21:38.092506,catho.com,Jenkins, 5
2023-07-09 09:21:38.092506,catho.com,Ansible, 4
2023-07-09 09:21:38.092506,catho.com,Zabbix, 16
2023-07-09 09:21:38.092506,catho.com,Git, 39
2023-07-09 09:21:38.092506,catho.com,Jira, 13
2023-07-09 09:21:38.092506,catho.com,Ant, 5
2023-07-09 09:21:38.092506,catho.com,Prometheus, 1
2023-07-09 09:21:38.092506,catho.com,Grafana, 9
2023-07-09 09:21:38.092506,catho.com,Graylog, 1
2023-07-09 09:21:38.092506,catho.com,Bamboo, 1
2023-07-09 09:21:38.092506,catho.com,Nagios, 3
2023-07-09 09:21:38.092506,catho.com,Selenium, 3
2023-07-09 09:21:38.092506,catho.com,JUnit, 3
2023-07-09 09:21:48.229369,catho.com,Jenkins, 160
2023-07-09 09:21:48.229369,catho.com,Ansible, 35
2023-07-09 09:21:48.229369,catho.com,Zabbix, 69
2023-07-09 09:21:48.229369,catho.com,Git, 861
2023-07-09 09:21:48.229369,catho.com,Github, 86
2023-07-09 09:21:48.229369,catho.com,Jira, 418
2023-07-09 09:21:48.229369,catho.com,Maven, 57
2023-07-09 09:21:48.229369,catho.com,Prometheus, 19
2023-07-09 09:21:48.229369,catho.com,Grafana, 58
2023-07-09 09:21:48.229369,catho.com,Graylog, 2
2023-07-09 09:21:48.229369,catho.com,Bamboo, 11
2023-07-09 09:21:48.229369,catho.com,Nagios, 26
2023-07-09 09:21:48.229369,catho.com,Slack, 17
2023-07-09 09:21:48.229369,catho.com,Selenium, 66
2023-07-09 09:21:48.229369,catho.com,JUnit, 34
2023-07-09 09:22:04.344667,infojobs.com,Jenkins, 20
2023-07-09 09:22:04.344667,infojobs.com,Ansible, 11
2023-07-09 09:22:04.344667,infojobs.com,Zabbix, 55
2023-07-09 09:22:04.344667,infojobs.com,Git, 115
2023-07-09 09:22:04.344667,infojobs.com,Github, 16
2023-07-09 09:22:04.344667,infojobs.com,Jira, 66
2023-07-09 09:22:04.344667,infojobs.com,Grafana, 25
2023-07-16 07:59:11.795739,vagas.com,CCNA, 2
2023-07-16 07:59:11.797266,vagas.com,PCNSA, 1
2023-07-16 07:59:11.797266,vagas.com,NSE, 1
2023-07-16 07:59:11.797266,vagas.com,ITIL, 31
2023-07-16 07:59:11.797266,vagas.com,COBIT, 8
2023-07-16 07:59:11.797266,vagas.com,AZURE, 51
2023-07-16 07:59:11.797266,vagas.com,MCSE, 3
2023-07-16 07:59:11.797266,vagas.com,AWS, 42
2023-07-16 07:59:11.797266,vagas.com,CISSP, 2
2023-07-16 07:59:11.797266,vagas.com,GCP, 7
2023-07-16 07:59:11.797266,vagas.com,OCI, 5
2023-07-16 07:59:11.797266,vagas.com,PMP, 7
2023-07-16 07:59:11.797266,vagas.com,VMware, 11
2023-07-16 07:59:37.124623,catho.com,PCNSA, 1
2023-07-16 07:59:37.124623,catho.com,MTCNA, 6
2023-07-16 07:59:37.124623,catho.com,CCNA, 162
2023-07-16 07:59:37.124623,catho.com,HCIA, 2
2023-07-16 07:59:37.125945,catho.com,JNCIA, 3
2023-07-16 07:59:37.125945,catho.com,NSE, 10
2023-07-16 07:59:37.125945,catho.com,ITIL, 312
2023-07-16 07:59:37.125945,catho.com,COBIT, 63
2023-07-16 07:59:37.125945,catho.com,AZURE, 584
2023-07-16 07:59:37.125945,catho.com,MCSE, 23
2023-07-16 07:59:37.125945,catho.com,AWS, 776
2023-07-16 07:59:37.125945,catho.com,COMPTIA, 32
2023-07-16 07:59:37.125945,catho.com,UniFi, 12
2023-07-16 07:59:37.125945,catho.com,CISSP, 12
2023-07-16 07:59:37.125945,catho.com,GCP, 112
2023-07-16 07:59:37.125945,catho.com,OCI, 20
2023-07-16 07:59:37.125945,catho.com,PMP, 61
2023-07-16 07:59:37.125945,catho.com,VMware, 177
2023-07-16 08:00:02.170366,infojobs.com,CCNA, 23
2023-07-16 08:00:02.170366,infojobs.com,ITIL, 113
2023-07-16 08:00:02.170366,infojobs.com,COBIT, 19
2023-07-16 08:00:02.170366,infojobs.com,AZURE, 87
2023-07-16 08:00:02.170366,infojobs.com,MCSE, 19
2023-07-16 08:00:02.170366,infojobs.com,AWS, 108
2023-07-16 08:00:02.170366,infojobs.com,GCP, 15
2023-07-16 08:00:02.170366,infojobs.com,VMware, 39
2023-07-16 08:00:11.461914,vagas.com,python, 69
2023-07-16 08:00:11.461914,vagas.com,Linguagem C++, 16
2023-07-16 08:00:11.461914,vagas.com,JavaScript, 45
2023-07-16 08:00:11.461914,vagas.com,TypeScript, 11
2023-07-16 08:00:11.461914,vagas.com,PHP, 8
2023-07-16 08:00:11.461914,vagas.com,Kotlin, 2
2023-07-16 08:00:11.461914,vagas.com,Java, 45
2023-07-16 08:00:11.461914,vagas.com,Ruby on Rails, 2
2023-07-16 08:00:11.461914,vagas.com,shellscript, 1
2023-07-16 08:00:31.053926,catho.com,python, 664
2023-07-16 08:00:31.053926,catho.com,Linguagem C++, 35
2023-07-16 08:00:31.053926,catho.com,JavaScript, 1226
2023-07-16 08:00:31.053926,catho.com,TypeScript, 237
2023-07-16 08:00:31.053926,catho.com,PHP, 567
2023-07-16 08:00:31.053926,catho.com,Swift, 9
2023-07-16 08:00:31.053926,catho.com,Kotlin, 111
2023-07-16 08:00:31.053926,catho.com,Java, 996
2023-07-16 08:00:31.053926,catho.com,Ruby on Rails, 32
2023-07-16 08:00:31.053926,catho.com,shellscript, 14
2023-07-16 08:00:31.053926,catho.com,Rust, 4
2023-07-16 08:00:45.760703,infojobs.com,python, 223
2023-07-16 08:00:45.760703,infojobs.com,Linguagem C++, 33
2023-07-16 08:00:45.760703,infojobs.com,JavaScript, 305
2023-07-16 08:00:45.760703,infojobs.com,TypeScript, 36
2023-07-16 08:00:45.760703,infojobs.com,PHP, 90
2023-07-16 08:00:45.760703,infojobs.com,Kotlin, 12
2023-07-16 08:00:45.760703,infojobs.com,Java, 238
2023-07-16 08:00:45.760703,infojobs.com,Ruby on Rails, 21
2023-07-16 08:00:54.142107,catho.com,Elasticsearch, 2
2023-07-16 08:00:54.142107,catho.com,MySQL, 14
2023-07-16 08:00:54.142107,catho.com,PostgreSQL, 12
2023-07-16 08:00:54.142107,catho.com,MongoDB, 10
2023-07-16 08:00:54.142107,catho.com,GraphQL, 1
2023-07-16 08:00:54.142107,catho.com,Microsoft SQL Server, 17
2023-07-16 08:00:54.142107,catho.com,DynamoDB, 1
2023-07-16 08:01:09.078692,catho.com,Elasticsearch, 18
2023-07-16 08:01:09.078692,catho.com,MariaDB, 19
2023-07-16 08:01:09.078692,catho.com,MySQL, 443
2023-07-16 08:01:09.078692,catho.com,OracleDB, 1
2023-07-16 08:01:09.078692,catho.com,PostgreSQL, 214
2023-07-16 08:01:09.078692,catho.com,MongoDB, 150
2023-07-16 08:01:09.078692,catho.com,SQLite, 15
2023-07-16 08:01:09.078692,catho.com,Redis DB, 2
2023-07-16 08:01:09.078692,catho.com,Cassandra, 16
2023-07-16 08:01:09.078692,catho.com,IBM DB2, 11
2023-07-16 08:01:09.078692,catho.com,GraphQL, 47
2023-07-16 08:01:09.078692,catho.com,Microsoft SQL Server, 1479
2023-07-16 08:01:09.078692,catho.com,Firebase, 37
2023-07-16 08:01:09.078692,catho.com,DynamoDB, 19
2023-07-16 08:01:25.086068,infojobs.com,MySQL, 116
2023-07-16 08:01:25.086068,infojobs.com,PostgreSQL, 43
2023-07-16 08:01:25.086068,infojobs.com,MongoDB, 18
2023-07-16 08:01:25.086068,infojobs.com,Microsoft SQL Server, 30
2023-07-16 08:01:36.859856,catho.com,Node.js, 4
2023-07-16 08:01:36.859856,catho.com,jQuery, 7
2023-07-16 08:01:36.859856,catho.com,Express.js, 1
2023-07-16 08:01:36.859856,catho.com,Angular.js, 41
2023-07-16 08:01:36.859856,catho.com,Vue.js, 1
2023-07-16 08:01:36.859856,catho.com,ASP.NET, 11
2023-07-16 08:01:36.859856,catho.com,Flask, 1
2023-07-16 08:01:36.859856,catho.com,Next.js, 1
2023-07-16 08:01:36.859856,catho.com,Laravel, 4
2023-07-16 08:01:36.859856,catho.com,FastAPI, 1
2023-07-16 08:01:55.308943,catho.com,Node.js, 652
2023-07-16 08:01:55.308943,catho.com,React.js, 809
2023-07-16 08:01:55.308943,catho.com,jQuery, 213
2023-07-16 08:01:55.308943,catho.com,Express.js, 9
2023-07-16 08:01:55.308943,catho.com,Angular.js, 859
2023-07-16 08:01:55.308943,catho.com,Vue.js, 54
2023-07-16 08:01:55.308943,catho.com,ASP.NET, 39
2023-07-16 08:01:55.308943,catho.com,Django, 46
2023-07-16 08:01:55.308943,catho.com,Flask, 14
2023-07-16 08:01:55.308943,catho.com,Next.js, 1637
2023-07-16 08:01:55.308943,catho.com,Laravel, 467
2023-07-16 08:01:55.310498,catho.com,Svelte, 1
2023-07-16 08:01:55.310498,catho.com,Nuxt.js, 2
2023-07-16 08:02:10.958613,infojobs.com,Node.js, 19
2023-07-16 08:02:10.958613,infojobs.com,jQuery, 36
2023-07-16 08:02:10.958613,infojobs.com,Django, 61
2023-07-16 08:02:10.958613,infojobs.com,Laravel, 27
2023-07-16 08:02:21.211438,catho.com,Jenkins, 7
2023-07-16 08:02:21.211438,catho.com,Ansible, 4
2023-07-16 08:02:21.211438,catho.com,Zabbix, 16
2023-07-16 08:02:21.211438,catho.com,Git, 40
2023-07-16 08:02:21.211438,catho.com,Jira, 12
2023-07-16 08:02:21.211438,catho.com,Maven, 1
2023-07-16 08:02:21.211438,catho.com,Prometheus, 1
2023-07-16 08:02:21.211438,catho.com,Grafana, 7
2023-07-16 08:02:21.211438,catho.com,Bamboo, 1
2023-07-16 08:02:21.211438,catho.com,Nagios, 4
2023-07-16 08:02:21.211438,catho.com,Selenium, 5
2023-07-16 08:02:21.211438,catho.com,JUnit, 4
2023-07-16 08:02:40.618885,catho.com,Jenkins, 139
2023-07-16 08:02:40.618885,catho.com,Ansible, 38
2023-07-16 08:02:40.618885,catho.com,Zabbix, 80
2023-07-16 08:02:40.618885,catho.com,Git, 836
2023-07-16 08:02:40.618885,catho.com,Github, 106
2023-07-16 08:02:40.618885,catho.com,Jira, 298
2023-07-16 08:02:40.618885,catho.com,Maven, 69
2023-07-16 08:02:40.618885,catho.com,Prometheus, 20
2023-07-16 08:02:40.618885,catho.com,Grafana, 69
2023-07-16 08:02:40.618885,catho.com,Graylog, 2
2023-07-16 08:02:40.618885,catho.com,Bamboo, 13
2023-07-16 08:02:40.618885,catho.com,Nagios, 27
2023-07-16 08:02:40.618885,catho.com,Slack, 14
2023-07-16 08:02:40.618885,catho.com,Selenium, 67
2023-07-16 08:02:40.618885,catho.com,JUnit, 36
2023-07-16 08:02:58.268264,infojobs.com,Jenkins, 19
2023-07-16 08:02:58.268264,infojobs.com,Ansible, 14
2023-07-16 08:02:58.268264,infojobs.com,Zabbix, 56
2023-07-16 08:02:58.268264,infojobs.com,Git, 115
2023-07-16 08:02:58.268264,infojobs.com,Github, 15
2023-07-16 08:02:58.268264,infojobs.com,Jira, 73
2023-07-16 08:02:58.268264,infojobs.com,Grafana, 24
2023-07-16 10:15:37.543793,vagas.com,AM, 1
2023-07-16 10:15:37.543793,vagas.com,BH, 3
2023-07-16 10:15:37.543793,vagas.com,CE, 4
2023-07-16 10:15:37.543793,vagas.com,ES, 8
2023-07-16 10:15:37.543793,vagas.com,GO, 5
2023-07-16 10:15:37.543793,vagas.com,MA, 1
2023-07-16 10:15:37.543793,vagas.com,MT, 6
2023-07-16 10:15:37.543793,vagas.com,MS, 1
2023-07-16 10:15:37.543793,vagas.com,MG, 42
2023-07-16 10:15:37.543793,vagas.com,PA, 1
2023-07-16 10:15:37.543793,vagas.com,PB, 1
2023-07-16 10:15:37.543793,vagas.com,PR, 17
2023-07-16 10:15:37.543793,vagas.com,PE, 7
2023-07-16 10:15:37.543793,vagas.com,PI, 1
2023-07-16 10:15:37.543793,vagas.com,RJ, 67
2023-07-16 10:15:37.543793,vagas.com,RS, 7
2023-07-16 10:15:37.543793,vagas.com,RO, 1
2023-07-16 10:15:37.543793,vagas.com,SC, 9
2023-07-16 10:15:37.543793,vagas.com,SP, 216
2023-07-16 10:15:42.862309,catho.com,AC, 33
2023-07-16 10:15:42.862309,catho.com,AL, 12404
2023-07-16 10:15:42.862309,catho.com,AP, 79
2023-07-16 10:15:42.862309,catho.com,AM, 12785
2023-07-16 10:15:42.862309,catho.com,BH, 13804
2023-07-16 10:15:42.862309,catho.com,CE, 13535
2023-07-16 10:15:42.862309,catho.com,DF, 13519
2023-07-16 10:15:42.862309,catho.com,ES, 1059
2023-07-16 10:15:42.862309,catho.com,GO, 14141
2023-07-16 10:15:42.862309,catho.com,MA, 12476
2023-07-16 10:15:42.862309,catho.com,MT, 13119
2023-07-16 10:15:42.862309,catho.com,MS, 12731
2023-07-16 10:15:42.862309,catho.com,MG, 16890
2023-07-16 10:15:42.862309,catho.com,PA, 12866
2023-07-16 10:15:42.862309,catho.com,PB, 12572
2023-07-16 10:15:42.862309,catho.com,PR, 15463
2023-07-16 10:15:42.862309,catho.com,PE, 12908
2023-07-16 10:15:42.862309,catho.com,PI, 12370
2023-07-16 10:15:42.862309,catho.com,RJ, 15227
2023-07-16 10:15:42.862309,catho.com,RN, 12512
2023-07-16 10:15:42.862309,catho.com,RS, 14538
2023-07-16 10:15:42.862309,catho.com,RO, 172
2023-07-16 10:15:42.862309,catho.com,RR, 25
2023-07-16 10:15:42.862309,catho.com,SC, 14697
2023-07-16 10:15:42.862309,catho.com,SP, 32057
2023-07-16 10:15:42.862309,catho.com,SE, 12505
2023-07-16 10:15:42.862309,catho.com,TO, 232
2023-07-16 10:16:06.262571,infojobs.com,AC, 3
2023-07-16 10:16:06.262571,infojobs.com,AL, 11
2023-07-16 10:16:06.262571,infojobs.com,AP, 1
2023-07-16 10:16:06.262571,infojobs.com,AM, 21
2023-07-16 10:16:06.262571,infojobs.com,BH, 81
2023-07-16 10:16:06.262571,infojobs.com,CE, 43
2023-07-16 10:16:06.262571,infojobs.com,DF, 63
2023-07-16 10:16:06.262571,infojobs.com,ES, 50
2023-07-16 10:16:06.262571,infojobs.com,GO, 61
2023-07-16 10:16:06.262571,infojobs.com,MA, 9
2023-07-16 10:16:06.262571,infojobs.com,MT, 45
2023-07-16 10:16:06.262571,infojobs.com,MS, 23
2023-07-16 10:16:06.262571,infojobs.com,MG, 249
2023-07-16 10:16:06.262571,infojobs.com,PA, 19
2023-07-16 10:16:06.262571,infojobs.com,PB, 11
2023-07-16 10:16:06.262571,infojobs.com,PR, 336
2023-07-16 10:16:06.262571,infojobs.com,PE, 31
2023-07-16 10:16:06.262571,infojobs.com,PI, 7
2023-07-16 10:16:06.262571,infojobs.com,RJ, 201
2023-07-16 10:16:06.262571,infojobs.com,RN, 12
2023-07-16 10:16:06.262571,infojobs.com,RS, 339
2023-07-16 10:16:06.262571,infojobs.com,RO, 2
2023-07-16 10:16:06.262571,infojobs.com,RR, 1
2023-07-16 10:16:06.262571,infojobs.com,SC, 423
2023-07-16 10:16:06.262571,infojobs.com,SP, 1552
2023-07-16 10:16:06.262571,infojobs.com,SE, 5
2023-07-16 10:16:06.262571,infojobs.com,TO, 9
2023-07-24 06:58:47.922367,vagas.com,CCNA, 5
2023-07-24 06:58:47.923207,vagas.com,PCNSA, 1
2023-07-24 06:58:47.923207,vagas.com,NSE, 1
2023-07-24 06:58:47.923207,vagas.com,ITIL, 32
2023-07-24 06:58:47.923207,vagas.com,COBIT, 7
2023-07-24 06:58:47.923207,vagas.com,AZURE, 53
2023-07-24 06:58:47.923207,vagas.com,MCSE, 2
2023-07-24 06:58:47.923207,vagas.com,AWS, 41
2023-07-24 06:58:47.923207,vagas.com,COMPTIA, 1
2023-07-24 06:58:47.923207,vagas.com,UniFi, 1
2023-07-24 06:58:47.923207,vagas.com,CISSP, 1
2023-07-24 06:58:47.923207,vagas.com,GCP, 7
2023-07-24 06:58:47.923207,vagas.com,OCI, 5
2023-07-24 06:58:47.923207,vagas.com,PMP, 7
2023-07-24 06:58:47.923207,vagas.com,VMware, 18
2023-07-24 06:59:04.095379,catho.com,MTCNA, 5
2023-07-24 06:59:04.095379,catho.com,CCNA, 166
2023-07-24 06:59:04.095379,catho.com,HCIA, 2
2023-07-24 06:59:04.095379,catho.com,JNCIA, 2
2023-07-24 06:59:04.095379,catho.com,NSE, 11
2023-07-24 06:59:04.095379,catho.com,ITIL, 343
2023-07-24 06:59:04.095379,catho.com,COBIT, 73
2023-07-24 06:59:04.095379,catho.com,AZURE, 656
2023-07-24 06:59:04.095379,catho.com,MCSE, 23
2023-07-24 06:59:04.095379,catho.com,AWS, 914
2023-07-24 06:59:04.095379,catho.com,COMPTIA, 33
2023-07-24 06:59:04.095379,catho.com,UniFi, 14
2023-07-24 06:59:04.095379,catho.com,CISSP, 12
2023-07-24 06:59:04.095379,catho.com,GCP, 159
2023-07-24 06:59:04.095379,catho.com,OCI, 25
2023-07-24 06:59:04.095379,catho.com,PMP, 77
2023-07-24 06:59:04.095379,catho.com,VMware, 192
2023-07-24 06:59:19.298763,infojobs.com,CCNA, 20
2023-07-24 06:59:19.298763,infojobs.com,HCIA, 4
2023-07-24 06:59:19.298763,infojobs.com,NSE, 2
2023-07-24 06:59:19.298763,infojobs.com,ITIL, 111
2023-07-24 06:59:19.298763,infojobs.com,COBIT, 21
2023-07-24 06:59:19.298763,infojobs.com,AZURE, 88
2023-07-24 06:59:19.298763,infojobs.com,MCSE, 17
2023-07-24 06:59:19.298763,infojobs.com,AWS, 110
2023-07-24 06:59:19.298763,infojobs.com,COMPTIA, 5
2023-07-24 06:59:19.298763,infojobs.com,UniFi, 5
2023-07-24 06:59:19.298763,infojobs.com,CISSP, 2
2023-07-24 06:59:19.298763,infojobs.com,OCI, 3
2023-07-24 06:59:19.298763,infojobs.com,GCP, 14
2023-07-24 06:59:19.298763,infojobs.com,PMP, 9
2023-07-24 06:59:19.298763,infojobs.com,VMware, 41
2023-07-24 06:59:25.691186,vagas.com,python, 67
2023-07-24 06:59:25.691186,vagas.com,Linguagem C++, 15
2023-07-24 06:59:25.691186,vagas.com,JavaScript, 53
2023-07-24 06:59:25.691186,vagas.com,TypeScript, 17
2023-07-24 06:59:25.691186,vagas.com,PHP, 9
2023-07-24 06:59:25.691186,vagas.com,Kotlin, 2
2023-07-24 06:59:25.691186,vagas.com,Java, 45
2023-07-24 06:59:25.691186,vagas.com,Ruby on Rails, 3
2023-07-24 06:59:37.146315,catho.com,python, 1027
2023-07-24 06:59:37.146315,catho.com,Linguagem C++, 111
2023-07-24 06:59:37.146315,catho.com,JavaScript, 1592
2023-07-24 06:59:37.146315,catho.com,TypeScript, 268
2023-07-24 06:59:37.146315,catho.com,PHP, 691
2023-07-24 06:59:37.146315,catho.com,Swift, 6
2023-07-24 06:59:37.146315,catho.com,Kotlin, 115
2023-07-24 06:59:37.146315,catho.com,Java, 1442
2023-07-24 06:59:37.146315,catho.com,Ruby on Rails, 107
2023-07-24 06:59:37.146315,catho.com,shellscript, 13
2023-07-24 06:59:37.146315,catho.com,Rust, 4
2023-07-24 06:59:47.095219,infojobs.com,python, 246
2023-07-24 06:59:47.095219,infojobs.com,Linguagem C++, 33
2023-07-24 06:59:47.095219,infojobs.com,JavaScript, 313
2023-07-24 06:59:47.095219,infojobs.com,TypeScript, 35
2023-07-24 06:59:47.095219,infojobs.com,PHP, 94
2023-07-24 06:59:47.095219,infojobs.com,Swift, 6
2023-07-24 06:59:47.095219,infojobs.com,Kotlin, 14
2023-07-24 06:59:47.095219,infojobs.com,Java, 242
2023-07-24 06:59:47.095219,infojobs.com,Ruby on Rails, 21
2023-07-24 06:59:47.095219,infojobs.com,Rust, 3
2023-07-24 06:59:54.895375,vagas.com,Elasticsearch, 3
2023-07-24 06:59:54.895375,vagas.com,MySQL, 17
2023-07-24 06:59:54.895375,vagas.com,PostgreSQL, 13
2023-07-24 06:59:54.895375,vagas.com,MongoDB, 7
2023-07-24 06:59:54.895375,vagas.com,GraphQL, 1
2023-07-24 06:59:54.895375,vagas.com,Microsoft SQL Server, 15
2023-07-24 06:59:54.895375,vagas.com,DynamoDB, 2
2023-07-24 07:00:11.273422,catho.com,Elasticsearch, 23
2023-07-24 07:00:11.273422,catho.com,MariaDB, 21
2023-07-24 07:00:11.273422,catho.com,MySQL, 514
2023-07-24 07:00:11.273422,catho.com,OracleDB, 1
2023-07-24 07:00:11.273422,catho.com,PostgreSQL, 232
2023-07-24 07:00:11.273422,catho.com,MongoDB, 166
2023-07-24 07:00:11.273422,catho.com,SQLite, 15
2023-07-24 07:00:11.273422,catho.com,Redis DB, 2
2023-07-24 07:00:11.273422,catho.com,Cassandra, 17
2023-07-24 07:00:11.273422,catho.com,IBM DB2, 11
2023-07-24 07:00:11.273422,catho.com,GraphQL, 52
2023-07-24 07:00:11.273422,catho.com,Microsoft SQL Server, 1738
2023-07-24 07:00:11.273422,catho.com,Firebase, 37
2023-07-24 07:00:11.273422,catho.com,DynamoDB, 22
2023-07-24 07:00:24.524654,infojobs.com,Elasticsearch, 7
2023-07-24 07:00:24.524654,infojobs.com,MariaDB, 6
2023-07-24 07:00:24.524654,infojobs.com,MySQL, 121
2023-07-24 07:00:24.524654,infojobs.com,PostgreSQL, 42
2023-07-24 07:00:24.524654,infojobs.com,MongoDB, 20
2023-07-24 07:00:24.524654,infojobs.com,SQLite, 7
2023-07-24 07:00:24.524654,infojobs.com,Redis DB, 1
2023-07-24 07:00:24.524654,infojobs.com,Cassandra, 2
2023-07-24 07:00:24.524654,infojobs.com,GraphQL, 9
2023-07-24 07:00:24.524654,infojobs.com,Microsoft SQL Server, 27
2023-07-24 07:00:24.524654,infojobs.com,Firebase, 4
2023-07-24 07:00:24.524654,infojobs.com,DynamoDB, 3
2023-07-24 07:00:36.155761,vagas.com,Node.js, 5
2023-07-24 07:00:36.155761,vagas.com,jQuery, 8
2023-07-24 07:00:36.155761,vagas.com,Angular.js, 41
2023-07-24 07:00:36.155761,vagas.com,Vue.js, 2
2023-07-24 07:00:36.155761,vagas.com,ASP.NET, 12
2023-07-24 07:00:36.155761,vagas.com,Django, 3
2023-07-24 07:00:36.155761,vagas.com,Flask, 3
2023-07-24 07:00:36.155761,vagas.com,Next.js, 2
2023-07-24 07:00:36.155761,vagas.com,Laravel, 3
2023-07-24 07:00:36.155761,vagas.com,FastAPI, 2
2023-07-24 07:01:00.290734,catho.com,Node.js, 938
2023-07-24 07:01:00.290734,catho.com,React.js, 973
2023-07-24 07:01:00.290734,catho.com,jQuery, 237
2023-07-24 07:01:00.290734,catho.com,Express.js, 8
2023-07-24 07:01:00.290734,catho.com,Angular.js, 1090
2023-07-24 07:01:00.290734,catho.com,Vue.js, 73
2023-07-24 07:01:00.290734,catho.com,ASP.NET, 75
2023-07-24 07:01:00.290734,catho.com,Django, 84
2023-07-24 07:01:00.290734,catho.com,Flask, 17
2023-07-24 07:01:00.290734,catho.com,Next.js, 1751
2023-07-24 07:01:00.290734,catho.com,Laravel, 609
2023-07-24 07:01:00.290734,catho.com,Svelte, 2
2023-07-24 07:01:00.290734,catho.com,Nuxt.js, 6
2023-07-24 07:01:14.959411,infojobs.com,Node.js, 18
2023-07-24 07:01:14.959411,infojobs.com,React.js, 6
2023-07-24 07:01:14.959411,infojobs.com,jQuery, 34
2023-07-24 07:01:14.959411,infojobs.com,Express.js, 2
2023-07-24 07:01:14.959411,infojobs.com,Vue.js, 6
2023-07-24 07:01:14.959411,infojobs.com,Django, 62
2023-07-24 07:01:14.959411,infojobs.com,Flask, 2
2023-07-24 07:01:14.959411,infojobs.com,Next.js, 4
2023-07-24 07:01:14.959411,infojobs.com,Laravel, 27
2023-07-24 07:01:14.959411,infojobs.com,Svelte, 2
2023-07-24 07:01:22.274413,vagas.com,Jenkins, 7
2023-07-24 07:01:22.274413,vagas.com,Ansible, 2
2023-07-24 07:01:22.274413,vagas.com,Zabbix, 11
2023-07-24 07:01:22.274413,vagas.com,Git, 43
2023-07-24 07:01:22.274413,vagas.com,Jira, 10
2023-07-24 07:01:22.274413,vagas.com,Prometheus, 1
2023-07-24 07:01:22.274413,vagas.com,Grafana, 5
2023-07-24 07:01:22.274413,vagas.com,Bamboo, 1
2023-07-24 07:01:22.274413,vagas.com,Nagios, 4
2023-07-24 07:01:22.274413,vagas.com,Slack, 2
2023-07-24 07:01:22.274413,vagas.com,Selenium, 5
2023-07-24 07:01:22.274413,vagas.com,JUnit, 3
2023-07-24 07:01:42.292640,catho.com,Jenkins, 164
2023-07-24 07:01:42.292640,catho.com,Ansible, 43
2023-07-24 07:01:42.292640,catho.com,Zabbix, 84
2023-07-24 07:01:42.292640,catho.com,Git, 908
2023-07-24 07:01:42.292640,catho.com,Github, 117
2023-07-24 07:01:42.292640,catho.com,Jira, 386
2023-07-24 07:01:42.292640,catho.com,Maven, 71
2023-07-24 07:01:42.292640,catho.com,Prometheus, 20
2023-07-24 07:01:42.292640,catho.com,Grafana, 71
2023-07-24 07:01:42.292640,catho.com,Graylog, 2
2023-07-24 07:01:42.292640,catho.com,Bamboo, 16
2023-07-24 07:01:42.292640,catho.com,Nagios, 29
2023-07-24 07:01:42.292640,catho.com,Slack, 15
2023-07-24 07:01:42.292640,catho.com,Selenium, 80
2023-07-24 07:01:42.292640,catho.com,JUnit, 38
2023-07-24 07:02:08.538960,infojobs.com,Jenkins, 20
2023-07-24 07:02:08.538960,infojobs.com,Ansible, 14
2023-07-24 07:02:08.538960,infojobs.com,Zabbix, 58
2023-07-24 07:02:08.538960,infojobs.com,Git, 118
2023-07-24 07:02:08.538960,infojobs.com,Github, 17
2023-07-24 07:02:08.538960,infojobs.com,Jira, 75
2023-07-24 07:02:08.538960,infojobs.com,Maven, 4
2023-07-24 07:02:08.538960,infojobs.com,Prometheus, 7
2023-07-24 07:02:08.538960,infojobs.com,Grafana, 26
2023-07-24 07:02:08.538960,infojobs.com,Bamboo, 1
2023-07-24 07:02:08.538960,infojobs.com,Nagios, 8
2023-07-24 07:02:08.538960,infojobs.com,Selenium, 5
2023-07-24 07:02:08.538960,infojobs.com,JUnit, 4
2023-07-24 07:02:22.772199,vagas.com,AM, 1
2023-07-24 07:02:22.772199,vagas.com,BH, 4
2023-07-24 07:02:22.772199,vagas.com,CE, 5
2023-07-24 07:02:22.772199,vagas.com,ES, 4
2023-07-24 07:02:22.772199,vagas.com,GO, 7
2023-07-24 07:02:22.772199,vagas.com,MT, 12
2023-07-24 07:02:22.772199,vagas.com,MS, 1
2023-07-24 07:02:22.772199,vagas.com,MG, 51
2023-07-24 07:02:22.772199,vagas.com,PA, 2
2023-07-24 07:02:22.772199,vagas.com,PB, 1
2023-07-24 07:02:22.772199,vagas.com,PR, 15
2023-07-24 07:02:22.772199,vagas.com,PE, 10
2023-07-24 07:02:22.772199,vagas.com,PI, 1
2023-07-24 07:02:22.772199,vagas.com,RJ, 68
2023-07-24 07:02:22.772199,vagas.com,RS, 6
2023-07-24 07:02:22.772199,vagas.com,RO, 1
2023-07-24 07:02:22.772199,vagas.com,SC, 11
2023-07-24 07:02:22.772199,vagas.com,SP, 209
2023-07-24 07:02:49.504076,catho.com,AC, 39
2023-07-24 07:02:49.504076,catho.com,AL, 14331
2023-07-24 07:02:49.504076,catho.com,AP, 88
2023-07-24 07:02:49.504076,catho.com,AM, 14686
2023-07-24 07:02:49.504076,catho.com,BH, 15609
2023-07-24 07:02:49.504076,catho.com,CE, 15497
2023-07-24 07:02:49.504076,catho.com,DF, 15457
2023-07-24 07:02:49.504076,catho.com,ES, 1098
2023-07-24 07:02:49.504076,catho.com,GO, 16028
2023-07-24 07:02:49.504076,catho.com,MA, 14370
2023-07-24 07:02:49.504076,catho.com,MT, 15036
2023-07-24 07:02:49.504076,catho.com,MS, 14631
2023-07-24 07:02:49.504076,catho.com,MG, 19063
2023-07-24 07:02:49.504076,catho.com,PA, 14768
2023-07-24 07:02:49.504076,catho.com,PB, 14515
2023-07-24 07:02:49.504076,catho.com,PR, 17629
2023-07-24 07:02:49.504076,catho.com,PE, 14803
2023-07-24 07:02:49.504076,catho.com,PI, 14295
2023-07-24 07:02:49.504076,catho.com,RJ, 17455
2023-07-24 07:02:49.504076,catho.com,RN, 14433
2023-07-24 07:02:49.504076,catho.com,RS, 16758
2023-07-24 07:02:49.504076,catho.com,RO, 174
2023-07-24 07:02:49.504076,catho.com,RR, 26
2023-07-24 07:02:49.504076,catho.com,SC, 16821
2023-07-24 07:02:49.504076,catho.com,SP, 36258
2023-07-24 07:02:49.504076,catho.com,SE, 14421
2023-07-24 07:02:49.504076,catho.com,TO, 250
2023-07-24 07:03:42.172991,infojobs.com,AC, 4
2023-07-24 07:03:42.172991,infojobs.com,AL, 13
2023-07-24 07:03:42.172991,infojobs.com,AP, 1
2023-07-24 07:03:42.172991,infojobs.com,AM, 21
2023-07-24 07:03:42.172991,infojobs.com,BH, 80
2023-07-24 07:03:42.172991,infojobs.com,CE, 42
2023-07-24 07:03:42.172991,infojobs.com,DF, 61
2023-07-24 07:03:42.172991,infojobs.com,ES, 52
2023-07-24 07:03:42.172991,infojobs.com,GO, 66
2023-07-24 07:03:42.172991,infojobs.com,MA, 12
2023-07-24 07:03:42.172991,infojobs.com,MT, 48
2023-07-24 07:03:42.172991,infojobs.com,MS, 29
2023-07-24 07:03:42.172991,infojobs.com,MG, 234
2023-07-24 07:03:42.172991,infojobs.com,PA, 25
2023-07-24 07:03:42.172991,infojobs.com,PB, 12
2023-07-24 07:03:42.172991,infojobs.com,PR, 339
2023-07-24 07:03:42.172991,infojobs.com,PE, 32
2023-07-24 07:03:42.172991,infojobs.com,PI, 9
2023-07-24 07:03:42.172991,infojobs.com,RJ, 211
2023-07-24 07:03:42.172991,infojobs.com,RN, 13
2023-07-24 07:03:42.172991,infojobs.com,RS, 346
2023-07-24 07:03:42.172991,infojobs.com,RO, 2
2023-07-24 07:03:42.172991,infojobs.com,RR, 2
2023-07-24 07:03:42.172991,infojobs.com,SC, 416
2023-07-24 07:03:42.172991,infojobs.com,SP, 1575
2023-07-24 07:03:42.172991,infojobs.com,SE, 5
2023-07-24 07:03:42.172991,infojobs.com,TO, 11
2023-07-27 08:01:19.046255,vagas.com,Elasticsearch, 3
2023-07-27 08:01:19.046255,vagas.com,MySQL, 16
2023-07-27 08:01:19.046255,vagas.com,PostgreSQL, 13
2023-07-27 08:01:19.046255,vagas.com,MongoDB, 7
2023-07-27 08:01:19.046255,vagas.com,SQLite, 1
2023-07-27 08:01:19.046255,vagas.com,GraphQL, 1
2023-07-27 08:01:19.046255,vagas.com,Microsoft SQL Server, 17
2023-07-27 08:01:19.046255,vagas.com,DynamoDB, 2
2023-07-27 08:01:27.477448,catho.com,Elasticsearch, 13
2023-07-27 08:01:27.478434,catho.com,MariaDB, 19
2023-07-27 08:01:27.478434,catho.com,MySQL, 337
2023-07-27 08:01:27.478434,catho.com,OracleDB, 3
2023-07-27 08:01:27.478434,catho.com,PostgreSQL, 200
2023-07-27 08:01:27.478434,catho.com,MongoDB, 134
2023-07-27 08:01:27.478434,catho.com,SQLite, 13
2023-07-27 08:01:27.478434,catho.com,Redis DB, 4
2023-07-27 08:01:27.478434,catho.com,Cassandra, 13
2023-07-27 08:01:27.478434,catho.com,IBM DB2, 12
2023-07-27 08:01:27.478434,catho.com,GraphQL, 46
2023-07-27 08:01:27.478434,catho.com,Microsoft SQL Server, 1401
2023-07-27 08:01:27.478434,catho.com,Firebase, 25
2023-07-27 08:01:27.478434,catho.com,DynamoDB, 9
2023-07-27 08:01:42.199867,infojobs.com,Elasticsearch, 7
2023-07-27 08:01:42.199867,infojobs.com,MariaDB, 7
2023-07-27 08:01:42.199867,infojobs.com,MySQL, 112
2023-07-27 08:01:42.199867,infojobs.com,PostgreSQL, 40
2023-07-27 08:01:42.199867,infojobs.com,MongoDB, 17
2023-07-27 08:01:42.199867,infojobs.com,SQLite, 7
2023-07-27 08:01:42.199867,infojobs.com,Cassandra, 2
2023-07-27 08:01:42.199867,infojobs.com,GraphQL, 8
2023-07-27 08:01:42.199867,infojobs.com,Microsoft SQL Server, 27
2023-07-27 08:01:42.199867,infojobs.com,Firebase, 4
2023-07-27 08:01:42.199867,infojobs.com,DynamoDB, 3
2023-07-28 08:56:03.899512,vagas.com,CCNA, 7
2023-07-28 08:56:03.899512,vagas.com,PCNSA, 1
2023-07-28 08:56:03.899512,vagas.com,ITIL, 30
2023-07-28 08:56:03.899512,vagas.com,COBIT, 10
2023-07-28 08:56:03.899512,vagas.com,AZURE, 56
2023-07-28 08:56:03.899512,vagas.com,MCSE, 6
2023-07-28 08:56:03.899512,vagas.com,AWS, 43
2023-07-28 08:56:03.899512,vagas.com,COMPTIA, 1
2023-07-28 08:56:03.899512,vagas.com,UniFi, 1
2023-07-28 08:56:03.899512,vagas.com,CISSP, 1
2023-07-28 08:56:03.899512,vagas.com,GCP, 6
2023-07-28 08:56:03.899512,vagas.com,OCI, 5
2023-07-28 08:56:03.899512,vagas.com,PMP, 8
2023-07-28 08:56:03.899512,vagas.com,VMware, 21
2023-07-28 08:56:08.876507,catho.com,MTCNA, 6
2023-07-28 08:56:08.876507,catho.com,CCNA, 146
2023-07-28 08:56:08.876507,catho.com,HCIA, 3
2023-07-28 08:56:08.876507,catho.com,JNCIA, 2
2023-07-28 08:56:08.876507,catho.com,NSE, 13
2023-07-28 08:56:08.876507,catho.com,ITIL, 331
2023-07-28 08:56:08.876507,catho.com,COBIT, 70
2023-07-28 08:56:08.876507,catho.com,AZURE, 509
2023-07-28 08:56:08.876507,catho.com,MCSE, 21
2023-07-28 08:56:08.876507,catho.com,AWS, 760
2023-07-28 08:56:08.876507,catho.com,COMPTIA, 30
2023-07-28 08:56:08.876507,catho.com,UniFi, 11
2023-07-28 08:56:08.876507,catho.com,CISSP, 11
2023-07-28 08:56:08.876507,catho.com,GCP, 113
2023-07-28 08:56:08.876507,catho.com,OCI, 23
2023-07-28 08:56:08.876507,catho.com,PMP, 79
2023-07-28 08:56:08.876507,catho.com,VMware, 174
2023-07-28 08:56:26.838832,infojobs.com,CCNA, 28
2023-07-28 08:56:26.838832,infojobs.com,HCIA, 3
2023-07-28 08:56:26.838832,infojobs.com,NSE, 2
2023-07-28 08:56:26.838832,infojobs.com,ITIL, 118
2023-07-28 08:56:26.838832,infojobs.com,COBIT, 23
2023-07-28 08:56:26.838832,infojobs.com,AZURE, 88
2023-07-28 08:56:26.838832,infojobs.com,MCSE, 17
2023-07-28 08:56:26.838832,infojobs.com,AWS, 119
2023-07-28 08:56:26.838832,infojobs.com,COMPTIA, 5
2023-07-28 08:56:26.838832,infojobs.com,UniFi, 5
2023-07-28 08:56:26.838832,infojobs.com,CISSP, 2
2023-07-28 08:56:26.838832,infojobs.com,OCI, 3
2023-07-28 08:56:26.838832,infojobs.com,GCP, 13
2023-07-28 08:56:26.838832,infojobs.com,PMP, 9
2023-07-28 08:56:26.838832,infojobs.com,VMware, 36
2023-07-28 08:56:54.863622,gupy.io,ITIL, 1
2023-07-28 08:56:54.863622,gupy.io,AZURE, 10
2023-07-28 08:56:54.863622,gupy.io,AWS, 23
2023-07-28 08:56:54.863622,gupy.io,GCP, 8
2023-07-28 08:56:54.863622,gupy.io,PMP, 1
2023-07-28 08:56:54.863622,gupy.io,VMware, 6
2023-07-30 06:34:50.853330,vagas.com,CCNA, 7
2023-07-30 06:34:50.853330,vagas.com,PCNSA, 1
2023-07-30 06:34:50.853330,vagas.com,NSE, 1
2023-07-30 06:34:50.853330,vagas.com,ITIL, 33
2023-07-30 06:34:50.853330,vagas.com,COBIT, 12
2023-07-30 06:34:50.853330,vagas.com,AZURE, 52
2023-07-30 06:34:50.853330,vagas.com,MCSE, 6
2023-07-30 06:34:50.853330,vagas.com,AWS, 41
2023-07-30 06:34:50.853330,vagas.com,COMPTIA, 1
2023-07-30 06:34:50.853330,vagas.com,UniFi, 1
2023-07-30 06:34:50.853330,vagas.com,CISSP, 1
2023-07-30 06:34:50.853330,vagas.com,GCP, 6
2023-07-30 06:34:50.853330,vagas.com,OCI, 5
2023-07-30 06:34:50.853330,vagas.com,PMP, 8
2023-07-30 06:34:50.853330,vagas.com,VMware, 20
2023-07-30 06:35:01.532417,catho.com,MTCNA, 6
2023-07-30 06:35:01.532417,catho.com,CCNA, 167
2023-07-30 06:35:01.532417,catho.com,HCIA, 3
2023-07-30 06:35:01.532417,catho.com,JNCIA, 2
2023-07-30 06:35:01.532417,catho.com,NSE, 8
2023-07-30 06:35:01.532417,catho.com,ITIL, 330
2023-07-30 06:35:01.532417,catho.com,COBIT, 70
2023-07-30 06:35:01.532417,catho.com,AZURE, 511
2023-07-30 06:35:01.532417,catho.com,MCSE, 21
2023-07-30 06:35:01.532417,catho.com,AWS, 841
2023-07-30 06:35:01.532417,catho.com,COMPTIA, 30
2023-07-30 06:35:01.532417,catho.com,UniFi, 11
2023-07-30 06:35:01.532417,catho.com,CISSP, 11
2023-07-30 06:35:01.532417,catho.com,GCP, 127
2023-07-30 06:35:01.532417,catho.com,OCI, 32
2023-07-30 06:35:01.532417,catho.com,PMP, 82
2023-07-30 06:35:01.532417,catho.com,VMware, 174
2023-07-30 06:35:16.855935,infojobs.com,CCNA, 29
2023-07-30 06:35:16.855935,infojobs.com,HCIA, 4
2023-07-30 06:35:16.855935,infojobs.com,NSE, 2
2023-07-30 06:35:16.855935,infojobs.com,ITIL, 113
2023-07-30 06:35:16.855935,infojobs.com,COBIT, 22
2023-07-30 06:35:16.855935,infojobs.com,AZURE, 90
2023-07-30 06:35:16.855935,infojobs.com,MCSE, 17
2023-07-30 06:35:16.855935,infojobs.com,AWS, 121
2023-07-30 06:35:16.855935,infojobs.com,COMPTIA, 6
2023-07-30 06:35:16.855935,infojobs.com,UniFi, 5
2023-07-30 06:35:16.855935,infojobs.com,CISSP, 2
2023-07-30 06:35:16.855935,infojobs.com,OCI, 4
2023-07-30 06:35:16.855935,infojobs.com,GCP, 14
2023-07-30 06:35:16.855935,infojobs.com,PMP, 9
2023-07-30 06:35:16.855935,infojobs.com,VMware, 36
2023-07-30 06:35:28.816799,gupy.io,ITIL, 1
2023-07-30 06:35:28.816799,gupy.io,AZURE, 10
2023-07-30 06:35:28.816799,gupy.io,AWS, 22
2023-07-30 06:35:28.816799,gupy.io,GCP, 7
2023-07-30 06:35:28.816799,gupy.io,PMP, 1
2023-07-30 06:35:28.816799,gupy.io,VMware, 7
2023-07-30 06:35:38.061596,vagas.com,python, 69
2023-07-30 06:35:38.061596,vagas.com,Linguagem C++, 15
2023-07-30 06:35:38.061596,vagas.com,JavaScript, 42
2023-07-30 06:35:38.061596,vagas.com,TypeScript, 16
2023-07-30 06:35:38.061596,vagas.com,PHP, 5
2023-07-30 06:35:38.061596,vagas.com,Kotlin, 3
2023-07-30 06:35:38.061596,vagas.com,Java, 34
2023-07-30 06:35:38.061596,vagas.com,Ruby on Rails, 3
2023-07-30 06:35:38.061596,vagas.com,shellscript, 1
2023-07-30 06:36:01.462727,catho.com,python, 905
2023-07-30 06:36:01.462727,catho.com,Linguagem C++, 109
2023-07-30 06:36:01.462727,catho.com,JavaScript, 1447
2023-07-30 06:36:01.462727,catho.com,TypeScript, 191
2023-07-30 06:36:01.462727,catho.com,PHP, 592
2023-07-30 06:36:01.462727,catho.com,Swift, 5
2023-07-30 06:36:01.462727,catho.com,Kotlin, 86
2023-07-30 06:36:01.462727,catho.com,Java, 1302
2023-07-30 06:36:01.462727,catho.com,Ruby on Rails, 100
2023-07-30 06:36:01.462727,catho.com,shellscript, 13
2023-07-30 06:36:01.462727,catho.com,Rust, 2
2023-07-30 06:36:14.361310,infojobs.com,python, 257
2023-07-30 06:36:14.361310,infojobs.com,Linguagem C++, 40
2023-07-30 06:36:14.361310,infojobs.com,JavaScript, 295
2023-07-30 06:36:14.361310,infojobs.com,TypeScript, 37
2023-07-30 06:36:14.361310,infojobs.com,PHP, 95
2023-07-30 06:36:14.361310,infojobs.com,Swift, 6
2023-07-30 06:36:14.361310,infojobs.com,Kotlin, 14
2023-07-30 06:36:14.361310,infojobs.com,Java, 250
2023-07-30 06:36:14.361310,infojobs.com,Ruby on Rails, 18
2023-07-30 06:36:14.362189,infojobs.com,Rust, 2
2023-07-30 06:36:24.898485,gupy.io,python, 36
2023-07-30 06:36:24.898485,gupy.io,Linguagem C++, 47
2023-07-30 06:36:24.898485,gupy.io,JavaScript, 10
2023-07-30 06:36:24.898485,gupy.io,TypeScript, 1
2023-07-30 06:36:24.898485,gupy.io,PHP, 48
2023-07-30 06:36:24.898485,gupy.io,Kotlin, 3
2023-07-30 06:36:24.898485,gupy.io,Java, 151
2023-07-30 06:36:24.898485,gupy.io,Ruby on Rails, 6
2023-07-30 06:36:30.647647,vagas.com,Elasticsearch, 2
2023-07-30 06:36:30.647647,vagas.com,MySQL, 13
2023-07-30 06:36:30.647647,vagas.com,PostgreSQL, 14
2023-07-30 06:36:30.647647,vagas.com,MongoDB, 6
2023-07-30 06:36:30.647647,vagas.com,SQLite, 1
2023-07-30 06:36:30.647647,vagas.com,Microsoft SQL Server, 18
2023-07-30 06:36:30.647647,vagas.com,DynamoDB, 2
2023-07-30 06:36:39.786132,catho.com,Elasticsearch, 19
2023-07-30 06:36:39.786132,catho.com,MariaDB, 17
2023-07-30 06:36:39.786132,catho.com,MySQL, 529
2023-07-30 06:36:39.786132,catho.com,OracleDB, 2
2023-07-30 06:36:39.786132,catho.com,PostgreSQL, 211
2023-07-30 06:36:39.786132,catho.com,MongoDB, 134
2023-07-30 06:36:39.786132,catho.com,SQLite, 14
2023-07-30 06:36:39.786132,catho.com,Redis DB, 3
2023-07-30 06:36:39.786132,catho.com,Cassandra, 16
2023-07-30 06:36:39.786132,catho.com,IBM DB2, 13
2023-07-30 06:36:39.786132,catho.com,GraphQL, 50
2023-07-30 06:36:39.786132,catho.com,Microsoft SQL Server, 1503
2023-07-30 06:36:39.786132,catho.com,Firebase, 27
2023-07-30 06:36:39.786132,catho.com,DynamoDB, 10
2023-07-30 06:36:52.636805,infojobs.com,Elasticsearch, 7
2023-07-30 06:36:52.636805,infojobs.com,MariaDB, 7
2023-07-30 06:36:52.636805,infojobs.com,MySQL, 110
2023-07-30 06:36:52.636805,infojobs.com,PostgreSQL, 41
2023-07-30 06:36:52.636805,infojobs.com,MongoDB, 19
2023-07-30 06:36:52.636805,infojobs.com,SQLite, 7
2023-07-30 06:36:52.636805,infojobs.com,Cassandra, 2
2023-07-30 06:36:52.636805,infojobs.com,GraphQL, 9
2023-07-30 06:36:52.636805,infojobs.com,Microsoft SQL Server, 27
2023-07-30 06:36:52.636805,infojobs.com,Firebase, 3
2023-07-30 06:36:52.636805,infojobs.com,DynamoDB, 4
2023-07-30 06:37:02.662554,vagas.com,Node.js, 5
2023-07-30 06:37:02.663559,vagas.com,jQuery, 8
2023-07-30 06:37:02.663559,vagas.com,Angular.js, 28
2023-07-30 06:37:02.663559,vagas.com,Vue.js, 2
2023-07-30 06:37:02.663559,vagas.com,ASP.NET, 11
2023-07-30 06:37:02.663559,vagas.com,Django, 3
2023-07-30 06:37:02.663559,vagas.com,Flask, 3
2023-07-30 06:37:02.663559,vagas.com,Next.js, 2
2023-07-30 06:37:02.663559,vagas.com,Laravel, 2
2023-07-30 06:37:02.663559,vagas.com,FastAPI, 2
2023-07-30 06:37:11.368011,catho.com,Node.js, 938
2023-07-30 06:37:11.368011,catho.com,React.js, 973
2023-07-30 06:37:11.368011,catho.com,jQuery, 217
2023-07-30 06:37:11.368011,catho.com,Express.js, 8
2023-07-30 06:37:11.368011,catho.com,Angular.js, 1090
2023-07-30 06:37:11.368011,catho.com,Vue.js, 73
2023-07-30 06:37:11.368011,catho.com,ASP.NET, 77
2023-07-30 06:37:11.368011,catho.com,Django, 223
2023-07-30 06:37:11.368011,catho.com,Flask, 17
2023-07-30 06:37:11.368011,catho.com,Next.js, 1751
2023-07-30 06:37:11.368011,catho.com,Laravel, 609
2023-07-30 06:37:11.368011,catho.com,Svelte, 2
2023-07-30 06:37:11.368011,catho.com,Nuxt.js, 6
2023-07-30 06:37:23.209713,infojobs.com,Node.js, 18
2023-07-30 06:37:23.209713,infojobs.com,React.js, 6
2023-07-30 06:37:23.209713,infojobs.com,jQuery, 36
2023-07-30 06:37:23.209713,infojobs.com,Express.js, 2
2023-07-30 06:37:23.209713,infojobs.com,Vue.js, 8
2023-07-30 06:37:23.209713,infojobs.com,Django, 52
2023-07-30 06:37:23.209713,infojobs.com,Flask, 4
2023-07-30 06:37:23.209713,infojobs.com,Next.js, 5
2023-07-30 06:37:23.209713,infojobs.com,Laravel, 31
2023-07-30 06:37:23.209713,infojobs.com,FastAPI, 1
2023-07-30 06:37:23.209713,infojobs.com,Svelte, 2
2023-07-30 06:37:33.636107,vagas.com,Jenkins, 8
2023-07-30 06:37:33.636107,vagas.com,Ansible, 4
2023-07-30 06:37:33.636107,vagas.com,Zabbix, 10
2023-07-30 06:37:33.636107,vagas.com,Git, 34
2023-07-30 06:37:33.636107,vagas.com,Jira, 13
2023-07-30 06:37:33.636107,vagas.com,Prometheus, 1
2023-07-30 06:37:33.636107,vagas.com,Grafana, 6
2023-07-30 06:37:33.636107,vagas.com,Bamboo, 1
2023-07-30 06:37:33.636107,vagas.com,Nagios, 4
2023-07-30 06:37:33.636107,vagas.com,Slack, 2
2023-07-30 06:37:33.636107,vagas.com,Selenium, 5
2023-07-30 06:37:33.636107,vagas.com,JUnit, 2
2023-07-30 06:37:45.081882,catho.com,Jenkins, 158
2023-07-30 06:37:45.081882,catho.com,Ansible, 45
2023-07-30 06:37:45.081882,catho.com,Zabbix, 80
2023-07-30 06:37:45.081882,catho.com,Git, 816
2023-07-30 06:37:45.081882,catho.com,Github, 112
2023-07-30 06:37:45.081882,catho.com,Jira, 489
2023-07-30 06:37:45.081882,catho.com,Maven, 62
2023-07-30 06:37:45.081882,catho.com,Prometheus, 17
2023-07-30 06:37:45.081882,catho.com,Grafana, 66
2023-07-30 06:37:45.081882,catho.com,Graylog, 3
2023-07-30 06:37:45.081882,catho.com,Bamboo, 8
2023-07-30 06:37:45.081882,catho.com,Nagios, 22
2023-07-30 06:37:45.081882,catho.com,Slack, 8
2023-07-30 06:37:45.081882,catho.com,Selenium, 66
2023-07-30 06:37:45.081882,catho.com,JUnit, 30
2023-07-30 06:37:59.383466,infojobs.com,Jenkins, 21
2023-07-30 06:37:59.383466,infojobs.com,Ansible, 14
2023-07-30 06:37:59.383466,infojobs.com,Zabbix, 51
2023-07-30 06:37:59.383466,infojobs.com,Git, 124
2023-07-30 06:37:59.383466,infojobs.com,Github, 18
2023-07-30 06:37:59.383466,infojobs.com,Jira, 83
2023-07-30 06:37:59.383466,infojobs.com,Maven, 5
2023-07-30 06:37:59.383466,infojobs.com,Prometheus, 8
2023-07-30 06:37:59.383466,infojobs.com,Grafana, 27
2023-07-30 06:37:59.383466,infojobs.com,Bamboo, 1
2023-07-30 06:37:59.383466,infojobs.com,Nagios, 7
2023-07-30 06:37:59.383466,infojobs.com,Selenium, 7
2023-07-30 06:37:59.383466,infojobs.com,JUnit, 5
2023-07-30 06:38:13.436708,vagas.com,BH, 5
2023-07-30 06:38:13.436708,vagas.com,CE, 6
2023-07-30 06:38:13.436708,vagas.com,ES, 4
2023-07-30 06:38:13.436708,vagas.com,GO, 6
2023-07-30 06:38:13.436708,vagas.com,MT, 15
2023-07-30 06:38:13.436708,vagas.com,MS, 1
2023-07-30 06:38:13.436708,vagas.com,MG, 44
2023-07-30 06:38:13.436708,vagas.com,PA, 2
2023-07-30 06:38:13.436708,vagas.com,PB, 1
2023-07-30 06:38:13.436708,vagas.com,PR, 14
2023-07-30 06:38:13.436708,vagas.com,PE, 7
2023-07-30 06:38:13.436708,vagas.com,PI, 1
2023-07-30 06:38:13.436708,vagas.com,RJ, 67
2023-07-30 06:38:13.436708,vagas.com,RS, 4
2023-07-30 06:38:13.436708,vagas.com,RO, 1
2023-07-30 06:38:13.436708,vagas.com,SC, 7
2023-07-30 06:38:13.436708,vagas.com,SP, 202
2023-07-30 06:38:13.436708,vagas.com,DF, 1
2023-07-30 06:38:45.969797,catho.com,AC, 38
2023-07-30 06:38:45.969797,catho.com,AL, 13468
2023-07-30 06:38:45.969797,catho.com,AP, 77
2023-07-30 06:38:45.969797,catho.com,AM, 14314
2023-07-30 06:38:45.969797,catho.com,BH, 14837
2023-07-30 06:38:45.969797,catho.com,CE, 14585
2023-07-30 06:38:45.969797,catho.com,DF, 14603
2023-07-30 06:38:45.969797,catho.com,ES, 971
2023-07-30 06:38:45.969797,catho.com,GO, 15067
2023-07-30 06:38:45.969797,catho.com,MA, 13630
2023-07-30 06:38:45.969797,catho.com,MT, 14216
2023-07-30 06:38:45.969797,catho.com,MS, 13835
2023-07-30 06:38:45.969797,catho.com,MG, 17505
2023-07-30 06:38:45.969797,catho.com,PA, 13981
2023-07-30 06:38:45.969797,catho.com,PB, 13697
2023-07-30 06:38:45.969797,catho.com,PR, 16283
2023-07-30 06:38:45.969797,catho.com,PE, 13948
2023-07-30 06:38:45.969797,catho.com,PI, 13525
2023-07-30 06:38:45.969797,catho.com,RJ, 16201
2023-07-30 06:38:45.969797,catho.com,RN, 13546
2023-07-30 06:38:45.969797,catho.com,RS, 15264
2023-07-30 06:38:45.969797,catho.com,RO, 141
2023-07-30 06:38:45.969797,catho.com,RR, 20
2023-07-30 06:38:45.969797,catho.com,SC, 15477
2023-07-30 06:38:45.969797,catho.com,SP, 32362
2023-07-30 06:38:45.969797,catho.com,SE, 13681
2023-07-30 06:38:45.969797,catho.com,TO, 225
2023-07-30 06:39:30.862781,infojobs.com,AC, 5
2023-07-30 06:39:30.862781,infojobs.com,AL, 11
2023-07-30 06:39:30.862781,infojobs.com,AP, 1
2023-07-30 06:39:30.862781,infojobs.com,AM, 21
2023-07-30 06:39:30.862781,infojobs.com,BH, 76
2023-07-30 06:39:30.862781,infojobs.com,CE, 42
2023-07-30 06:39:30.862781,infojobs.com,DF, 56
2023-07-30 06:39:30.862781,infojobs.com,ES, 55
2023-07-30 06:39:30.862781,infojobs.com,GO, 67
2023-07-30 06:39:30.862781,infojobs.com,MA, 12
2023-07-30 06:39:30.862781,infojobs.com,MT, 46
2023-07-30 06:39:30.862781,infojobs.com,MS, 25
2023-07-30 06:39:30.862781,infojobs.com,MG, 242
2023-07-30 06:39:30.862781,infojobs.com,PA, 25
2023-07-30 06:39:30.862781,infojobs.com,PB, 12
2023-07-30 06:39:30.862781,infojobs.com,PR, 274
2023-07-30 06:39:30.862781,infojobs.com,PE, 32
2023-07-30 06:39:30.862781,infojobs.com,PI, 10
2023-07-30 06:39:30.862781,infojobs.com,RJ, 214
2023-07-30 06:39:30.862781,infojobs.com,RN, 13
2023-07-30 06:39:30.862781,infojobs.com,RS, 341
2023-07-30 06:39:30.862781,infojobs.com,RO, 3
2023-07-30 06:39:30.862781,infojobs.com,RR, 5
2023-07-30 06:39:30.862781,infojobs.com,SC, 441
2023-07-30 06:39:30.862781,infojobs.com,SP, 1619
2023-07-30 06:39:30.862781,infojobs.com,SE, 5
2023-07-30 06:39:30.862781,infojobs.com,TO, 13
2023-07-30 07:15:14.013733,vagas.com,Elasticsearch, 2
2023-07-30 07:15:14.013733,vagas.com,MySQL, 13
2023-07-30 07:15:14.013733,vagas.com,PostgreSQL, 14
2023-07-30 07:15:14.013733,vagas.com,MongoDB, 6
2023-07-30 07:15:14.013733,vagas.com,SQLite, 1
2023-07-30 07:15:14.013733,vagas.com,Microsoft SQL Server, 18
2023-07-30 07:15:14.013733,vagas.com,DynamoDB, 2
2023-07-30 07:15:17.568926,catho.com,Elasticsearch, 19
2023-07-30 07:15:17.568926,catho.com,MariaDB, 17
2023-07-30 07:15:17.568926,catho.com,MySQL, 529
2023-07-30 07:15:17.568926,catho.com,OracleDB, 2
2023-07-30 07:15:17.568926,catho.com,PostgreSQL, 211
2023-07-30 07:15:17.568926,catho.com,MongoDB, 134
2023-07-30 07:15:17.568926,catho.com,SQLite, 14
2023-07-30 07:15:17.568926,catho.com,Redis DB, 3
2023-07-30 07:15:17.568926,catho.com,Cassandra, 16
2023-07-30 07:15:17.568926,catho.com,IBM DB2, 13
2023-07-30 07:15:17.568926,catho.com,GraphQL, 50
2023-07-30 07:15:17.568926,catho.com,Microsoft SQL Server, 1503
2023-07-30 07:15:17.568926,catho.com,Firebase, 27
2023-07-30 07:15:17.568926,catho.com,DynamoDB, 10
2023-07-30 07:15:29.515687,infojobs.com,Elasticsearch, 7
2023-07-30 07:15:29.515687,infojobs.com,MariaDB, 7
2023-07-30 07:15:29.515687,infojobs.com,MySQL, 110
2023-07-30 07:15:29.515687,infojobs.com,PostgreSQL, 41
2023-07-30 07:15:29.515687,infojobs.com,MongoDB, 19
2023-07-30 07:15:29.515687,infojobs.com,SQLite, 7
2023-07-30 07:15:29.515687,infojobs.com,Cassandra, 2
2023-07-30 07:15:29.515687,infojobs.com,GraphQL, 9
2023-07-30 07:15:29.515687,infojobs.com,Microsoft SQL Server, 27
2023-07-30 07:15:29.515687,infojobs.com,Firebase, 3
2023-07-30 07:15:29.515687,infojobs.com,DynamoDB, 4
2023-07-30 07:15:38.739142,vagas.com,Node.js, 5
2023-07-30 07:15:38.739142,vagas.com,jQuery, 8
2023-07-30 07:15:38.739142,vagas.com,Angular.js, 28
2023-07-30 07:15:38.739142,vagas.com,Vue.js, 2
2023-07-30 07:15:38.739142,vagas.com,ASP.NET, 11
2023-07-30 07:15:38.739142,vagas.com,Django, 3
2023-07-30 07:15:38.739142,vagas.com,Flask, 3
2023-07-30 07:15:38.739142,vagas.com,Next.js, 2
2023-07-30 07:15:38.739142,vagas.com,Laravel, 2
2023-07-30 07:15:38.739142,vagas.com,FastAPI, 2
2023-07-30 07:15:42.036754,catho.com,Node.js, 938
2023-07-30 07:15:42.036754,catho.com,React.js, 973
2023-07-30 07:15:42.036754,catho.com,jQuery, 217
2023-07-30 07:15:42.036754,catho.com,Express.js, 8
2023-07-30 07:15:42.036754,catho.com,Angular.js, 1090
2023-07-30 07:15:42.036754,catho.com,Vue.js, 73
2023-07-30 07:15:42.036754,catho.com,ASP.NET, 77
2023-07-30 07:15:42.036754,catho.com,Django, 223
2023-07-30 07:15:42.036754,catho.com,Flask, 17
2023-07-30 07:15:42.036754,catho.com,Next.js, 1751
2023-07-30 07:15:42.036754,catho.com,Laravel, 609
2023-07-30 07:15:42.036754,catho.com,Svelte, 2
2023-07-30 07:15:42.036754,catho.com,Nuxt.js, 6
2023-07-30 07:15:54.103841,infojobs.com,Node.js, 18
2023-07-30 07:15:54.103841,infojobs.com,React.js, 6
2023-07-30 07:15:54.103841,infojobs.com,jQuery, 36
2023-07-30 07:15:54.103841,infojobs.com,Express.js, 2
2023-07-30 07:15:54.103841,infojobs.com,Vue.js, 8
2023-07-30 07:15:54.103841,infojobs.com,Django, 52
2023-07-30 07:15:54.103841,infojobs.com,Flask, 4
2023-07-30 07:15:54.103841,infojobs.com,Next.js, 5
2023-07-30 07:15:54.103841,infojobs.com,Laravel, 31
2023-07-30 07:15:54.103841,infojobs.com,FastAPI, 1
2023-07-30 07:15:54.103841,infojobs.com,Svelte, 2
2023-08-01 20:48:10.313639,vagas.com,Elasticsearch, 2
2023-08-01 20:48:10.313639,vagas.com,MySQL, 13
2023-08-01 20:48:10.313639,vagas.com,PostgreSQL, 13
2023-08-01 20:48:10.313639,vagas.com,MongoDB, 4
2023-08-01 20:48:10.313639,vagas.com,SQLite, 1
2023-08-01 20:48:10.313639,vagas.com,GraphQL, 1
2023-08-01 20:48:10.313639,vagas.com,Microsoft SQL Server, 17
2023-08-01 20:48:10.313639,vagas.com,DynamoDB, 2
2023-08-01 20:48:13.232638,catho.com,Elasticsearch, 18
2023-08-01 20:48:13.233641,catho.com,MariaDB, 18
2023-08-01 20:48:13.233641,catho.com,MySQL, 508
2023-08-01 20:48:13.233641,catho.com,OracleDB, 2
2023-08-01 20:48:13.233641,catho.com,PostgreSQL, 203
2023-08-01 20:48:13.233641,catho.com,MongoDB, 141
2023-08-01 20:48:13.233641,catho.com,SQLite, 13
2023-08-01 20:48:13.233641,catho.com,Redis DB, 3
2023-08-01 20:48:13.233641,catho.com,Cassandra, 16
2023-08-01 20:48:13.233641,catho.com,IBM DB2, 13
2023-08-01 20:48:13.233641,catho.com,GraphQL, 71
2023-08-01 20:48:13.233641,catho.com,Microsoft SQL Server, 1524
2023-08-01 20:48:13.233641,catho.com,Firebase, 24
2023-08-01 20:48:13.233641,catho.com,DynamoDB, 7
2023-08-01 20:48:27.711012,infojobs.com,Elasticsearch, 6
2023-08-01 20:48:27.711012,infojobs.com,MariaDB, 6
2023-08-01 20:48:27.711012,infojobs.com,MySQL, 106
2023-08-01 20:48:27.711012,infojobs.com,PostgreSQL, 42
2023-08-01 20:48:27.711012,infojobs.com,MongoDB, 17
2023-08-01 20:48:27.711012,infojobs.com,SQLite, 7
2023-08-01 20:48:27.711012,infojobs.com,Cassandra, 2
2023-08-01 20:48:27.712004,infojobs.com,GraphQL, 9
2023-08-01 20:48:27.712004,infojobs.com,Microsoft SQL Server, 27
2023-08-01 20:48:27.712004,infojobs.com,Firebase, 3
2023-08-01 20:48:27.712004,infojobs.com,DynamoDB, 4
2023-08-01 20:48:50.160958,gupy.io,Elasticsearch, 1
2023-08-01 20:48:50.160958,gupy.io,OracleDB, 4
2023-08-01 20:48:50.160958,gupy.io,PostgreSQL, 1
2023-08-01 20:48:50.160958,gupy.io,MongoDB, 2
2023-08-01 20:49:08.153967,vagas.com,Node.js, 4
2023-08-01 20:49:08.153967,vagas.com,jQuery, 8
2023-08-01 20:49:08.153967,vagas.com,Angular.js, 26
2023-08-01 20:49:08.153967,vagas.com,Vue.js, 2
2023-08-01 20:49:08.153967,vagas.com,ASP.NET, 11
2023-08-01 20:49:08.153967,vagas.com,Django, 3
2023-08-01 20:49:08.155011,vagas.com,Flask, 3
2023-08-01 20:49:08.155011,vagas.com,Next.js, 2
2023-08-01 20:49:08.155011,vagas.com,Laravel, 2
2023-08-01 20:49:08.155011,vagas.com,FastAPI, 2
2023-08-01 20:49:11.403100,catho.com,Node.js, 963
2023-08-01 20:49:11.403100,catho.com,React.js, 942
2023-08-01 20:49:11.403100,catho.com,jQuery, 226
2023-08-01 20:49:11.403100,catho.com,Express.js, 14
2023-08-01 20:49:11.403100,catho.com,Angular.js, 1066
2023-08-01 20:49:11.403100,catho.com,Vue.js, 98
2023-08-01 20:49:11.403100,catho.com,ASP.NET, 76
2023-08-01 20:49:11.403100,catho.com,Django, 229
2023-08-01 20:49:11.403100,catho.com,Flask, 15
2023-08-01 20:49:11.403100,catho.com,Next.js, 691
2023-08-01 20:49:11.403100,catho.com,Laravel, 610
2023-08-01 20:49:11.403100,catho.com,FastAPI, 16
2023-08-01 20:49:11.403100,catho.com,Svelte, 1
2023-08-01 20:49:11.403100,catho.com,Nuxt.js, 4
2023-08-01 20:49:24.615540,infojobs.com,Node.js, 18
2023-08-01 20:49:24.615540,infojobs.com,React.js, 6
2023-08-01 20:49:24.615540,infojobs.com,jQuery, 37
2023-08-01 20:49:24.615540,infojobs.com,Express.js, 2
2023-08-01 20:49:24.615540,infojobs.com,Vue.js, 8
2023-08-01 20:49:24.615540,infojobs.com,Django, 52
2023-08-01 20:49:24.615540,infojobs.com,Flask, 3
2023-08-01 20:49:24.615540,infojobs.com,Next.js, 5
2023-08-01 20:49:24.615540,infojobs.com,Laravel, 32
2023-08-01 20:49:24.615540,infojobs.com,FastAPI, 1
2023-08-01 20:49:24.615540,infojobs.com,Svelte, 2
2023-08-01 20:49:47.277721,gupy.io,Node.js, 26
2023-08-01 20:49:47.277721,gupy.io,React.js, 6
2023-08-01 20:49:47.277721,gupy.io,Angular.js, 33
2023-08-01 20:49:47.277721,gupy.io,Vue.js, 8
2023-08-01 20:49:47.277721,gupy.io,ASP.NET, 2
2023-08-01 20:49:47.277721,gupy.io,.NET, 69
2023-08-01 20:49:47.277721,gupy.io,Django, 3
2023-08-01 20:49:47.277721,gupy.io,Laravel, 4
2023-08-01 20:49:47.277721,gupy.io,Nuxt.js, 1
2023-08-01 21:15:23.961989,vagas.com,Jenkins, 8
2023-08-01 21:15:23.961989,vagas.com,Ansible, 2
2023-08-01 21:15:23.961989,vagas.com,Zabbix, 6
2023-08-01 21:15:23.961989,vagas.com,Git, 35
2023-08-01 21:15:23.961989,vagas.com,Jira, 13
2023-08-01 21:15:23.961989,vagas.com,Prometheus, 1
2023-08-01 21:15:23.961989,vagas.com,Grafana, 5
2023-08-01 21:15:23.961989,vagas.com,Nagios, 1
2023-08-01 21:15:23.961989,vagas.com,Slack, 2
2023-08-01 21:15:23.961989,vagas.com,Selenium, 5
2023-08-01 21:15:23.961989,vagas.com,JUnit, 2
2023-08-01 21:15:37.685940,catho.com,Jenkins, 196
2023-08-01 21:15:37.685940,catho.com,Ansible, 32
2023-08-01 21:15:37.685940,catho.com,Zabbix, 70
2023-08-01 21:15:37.685940,catho.com,Git, 854
2023-08-01 21:15:37.685940,catho.com,Github, 100
2023-08-01 21:15:37.685940,catho.com,Jira, 486
2023-08-01 21:15:37.685940,catho.com,Maven, 72
2023-08-01 21:15:37.685940,catho.com,Prometheus, 16
2023-08-01 21:15:37.685940,catho.com,Grafana, 61
2023-08-01 21:15:37.685940,catho.com,Graylog, 2
2023-08-01 21:15:37.685940,catho.com,Bamboo, 7
2023-08-01 21:15:37.685940,catho.com,Nagios, 22
2023-08-01 21:15:37.685940,catho.com,Slack, 7
2023-08-01 21:15:37.685940,catho.com,Selenium, 66
2023-08-01 21:15:37.685940,catho.com,JUnit, 27
2023-08-01 21:15:55.701844,infojobs.com,Jenkins, 21
2023-08-01 21:15:55.701844,infojobs.com,Ansible, 14
2023-08-01 21:15:55.701844,infojobs.com,Zabbix, 52
2023-08-01 21:15:55.701844,infojobs.com,Git, 122
2023-08-01 21:15:55.701844,infojobs.com,Github, 17
2023-08-01 21:15:55.701844,infojobs.com,Jira, 82
2023-08-01 21:15:55.701844,infojobs.com,Maven, 4
2023-08-01 21:15:55.701844,infojobs.com,Prometheus, 8
2023-08-01 21:15:55.701844,infojobs.com,Grafana, 27
2023-08-01 21:15:55.701844,infojobs.com,Bamboo, 1
2023-08-01 21:15:55.701844,infojobs.com,Nagios, 7
2023-08-01 21:15:55.701844,infojobs.com,Selenium, 7
2023-08-01 21:15:55.701844,infojobs.com,JUnit, 4
2023-08-01 21:18:12.529510,vagas.com,Jenkins, 8
2023-08-01 21:18:12.530538,vagas.com,Ansible, 2
2023-08-01 21:18:12.530538,vagas.com,Zabbix, 6
2023-08-01 21:18:12.530538,vagas.com,Git, 35
2023-08-01 21:18:12.530538,vagas.com,Jira, 13
2023-08-01 21:18:12.530538,vagas.com,Prometheus, 1
2023-08-01 21:18:12.530538,vagas.com,Grafana, 5
2023-08-01 21:18:12.530538,vagas.com,Nagios, 1
2023-08-01 21:18:12.530538,vagas.com,Slack, 2
2023-08-01 21:18:12.530538,vagas.com,Selenium, 5
2023-08-01 21:18:12.530538,vagas.com,JUnit, 2
2023-08-01 21:18:17.258470,catho.com,Jenkins, 196
2023-08-01 21:18:17.258470,catho.com,Ansible, 32
2023-08-01 21:18:17.258470,catho.com,Zabbix, 70
2023-08-01 21:18:17.258470,catho.com,Git, 854
2023-08-01 21:18:17.258470,catho.com,Github, 100
2023-08-01 21:18:17.258470,catho.com,Jira, 486
2023-08-01 21:18:17.258470,catho.com,Maven, 72
2023-08-01 21:18:17.258470,catho.com,Prometheus, 16
2023-08-01 21:18:17.258470,catho.com,Grafana, 61
2023-08-01 21:18:17.258470,catho.com,Graylog, 2
2023-08-01 21:18:17.258470,catho.com,Bamboo, 7
2023-08-01 21:18:17.258470,catho.com,Nagios, 22
2023-08-01 21:18:17.258470,catho.com,Slack, 7
2023-08-01 21:18:17.258470,catho.com,Selenium, 66
2023-08-01 21:18:17.258470,catho.com,JUnit, 27
2023-08-01 21:18:33.666503,infojobs.com,Jenkins, 21
2023-08-01 21:18:33.666503,infojobs.com,Ansible, 14
2023-08-01 21:18:33.666503,infojobs.com,Zabbix, 52
2023-08-01 21:18:33.666503,infojobs.com,Git, 122
2023-08-01 21:18:33.666503,infojobs.com,Github, 17
2023-08-01 21:18:33.666503,infojobs.com,Jira, 82
2023-08-01 21:18:33.666503,infojobs.com,Maven, 4
2023-08-01 21:18:33.666503,infojobs.com,Prometheus, 8
2023-08-01 21:18:33.666503,infojobs.com,Grafana, 27
2023-08-01 21:18:33.666503,infojobs.com,Bamboo, 1
2023-08-01 21:18:33.666503,infojobs.com,Nagios, 7
2023-08-01 21:18:33.666503,infojobs.com,Selenium, 7
2023-08-01 21:18:33.666503,infojobs.com,JUnit, 4
2023-08-01 21:19:01.509121,gupy.io,Jira, 1
2023-08-01 21:19:01.509121,gupy.io,Nagios, 1
2023-08-02 07:18:10.245719,vagas.com,BH, 5
2023-08-02 07:18:10.245719,vagas.com,CE, 5
2023-08-02 07:18:10.245719,vagas.com,ES, 6
2023-08-02 07:18:10.245719,vagas.com,GO, 6
2023-08-02 07:18:10.245719,vagas.com,MT, 14
2023-08-02 07:18:10.245719,vagas.com,MS, 2
2023-08-02 07:18:10.245719,vagas.com,MG, 38
2023-08-02 07:18:10.245719,vagas.com,PA, 2
2023-08-02 07:18:10.245719,vagas.com,PR, 11
2023-08-02 07:18:10.245719,vagas.com,PE, 6
2023-08-02 07:18:10.245719,vagas.com,PI, 1
2023-08-02 07:18:10.245719,vagas.com,RJ, 63
2023-08-02 07:18:10.245719,vagas.com,RS, 3
2023-08-02 07:18:10.245719,vagas.com,RO, 1
2023-08-02 07:18:10.245719,vagas.com,SC, 6
2023-08-02 07:18:10.245719,vagas.com,SP, 196
2023-08-02 07:18:10.245719,vagas.com,DF, 1
2023-08-02 07:18:27.135423,catho.com,AC, 234
2023-08-02 07:18:27.135423,catho.com,AL, 13583
2023-08-02 07:18:27.135423,catho.com,AP, 68
2023-08-02 07:18:27.135423,catho.com,AM, 14221
2023-08-02 07:18:27.135423,catho.com,BH, 15064
2023-08-02 07:18:27.135423,catho.com,CE, 14707
2023-08-02 07:18:27.135423,catho.com,DF, 14736
2023-08-02 07:18:27.135423,catho.com,ES, 955
2023-08-02 07:18:27.135423,catho.com,GO, 15208
2023-08-02 07:18:27.135423,catho.com,MA, 13722
2023-08-02 07:18:27.135423,catho.com,MT, 14331
2023-08-02 07:18:27.135423,catho.com,MS, 13940
2023-08-02 07:18:27.135423,catho.com,MG, 17647
2023-08-02 07:18:27.135423,catho.com,PA, 14074
2023-08-02 07:18:27.135423,catho.com,PB, 13808
2023-08-02 07:18:27.135423,catho.com,PR, 16317
2023-08-02 07:18:27.135423,catho.com,PE, 14094
2023-08-02 07:18:27.135423,catho.com,PI, 13635
2023-08-02 07:18:27.135423,catho.com,RJ, 16256
2023-08-02 07:18:27.135423,catho.com,RN, 13660
2023-08-02 07:18:27.135423,catho.com,RS, 15319
2023-08-02 07:18:27.135423,catho.com,RO, 143
2023-08-02 07:18:27.135423,catho.com,RR, 15
2023-08-02 07:18:27.135423,catho.com,SC, 15508
2023-08-02 07:18:27.135423,catho.com,SP, 32053
2023-08-02 07:18:27.135423,catho.com,SE, 13781
2023-08-02 07:18:27.135423,catho.com,TO, 220
2023-08-02 07:18:56.459017,infojobs.com,AC, 5
2023-08-02 07:18:56.459017,infojobs.com,AL, 11
2023-08-02 07:18:56.459017,infojobs.com,AM, 21
2023-08-02 07:18:56.460046,infojobs.com,BH, 76
2023-08-02 07:18:56.460046,infojobs.com,CE, 40
2023-08-02 07:18:56.460046,infojobs.com,DF, 54
2023-08-02 07:18:56.460046,infojobs.com,ES, 50
2023-08-02 07:18:56.460046,infojobs.com,GO, 67
2023-08-02 07:18:56.460046,infojobs.com,MA, 13
2023-08-02 07:18:56.460046,infojobs.com,MT, 47
2023-08-02 07:18:56.460046,infojobs.com,MS, 25
2023-08-02 07:18:56.460046,infojobs.com,MG, 245
2023-08-02 07:18:56.460046,infojobs.com,PA, 26
2023-08-02 07:18:56.460046,infojobs.com,PB, 12
2023-08-02 07:18:56.460046,infojobs.com,PR, 273
2023-08-02 07:18:56.460046,infojobs.com,PE, 34
2023-08-02 07:18:56.460046,infojobs.com,PI, 10
2023-08-02 07:18:56.460046,infojobs.com,RJ, 219
2023-08-02 07:18:56.460046,infojobs.com,RN, 13
2023-08-02 07:18:56.460046,infojobs.com,RS, 345
2023-08-02 07:18:56.460046,infojobs.com,RO, 3
2023-08-02 07:18:56.460046,infojobs.com,RR, 5
2023-08-02 07:18:56.460046,infojobs.com,SC, 444
2023-08-02 07:18:56.460046,infojobs.com,SP, 1621
2023-08-02 07:18:56.460046,infojobs.com,SE, 6
2023-08-02 07:18:56.460046,infojobs.com,TO, 13
2023-08-02 07:19:25.612901,gupy.io,AL, 1
2023-08-02 07:19:25.612901,gupy.io,AP, 1
2023-08-02 07:19:25.612901,gupy.io,AM, 2
2023-08-02 07:19:25.612901,gupy.io,BH, 9
2023-08-02 07:19:25.612901,gupy.io,CE, 7
2023-08-02 07:19:25.612901,gupy.io,DF, 4
2023-08-02 07:19:25.612901,gupy.io,ES, 5
2023-08-02 07:19:25.612901,gupy.io,GO, 4
2023-08-02 07:19:25.612901,gupy.io,MA, 1
2023-08-02 07:19:25.612901,gupy.io,MT, 1
2023-08-02 07:19:25.612901,gupy.io,MG, 20
2023-08-02 07:19:25.612901,gupy.io,PB, 5
2023-08-02 07:19:25.612901,gupy.io,PR, 19
2023-08-02 07:19:25.612901,gupy.io,PE, 6
2023-08-02 07:19:25.612901,gupy.io,PI, 2
2023-08-02 07:19:25.612901,gupy.io,RJ, 21
2023-08-02 07:19:25.612901,gupy.io,RN, 2
2023-08-02 07:19:25.612901,gupy.io,RS, 22
2023-08-02 07:19:25.612901,gupy.io,SC, 7
2023-08-02 07:19:25.612901,gupy.io,SP, 121
2023-08-02 07:19:25.612901,gupy.io,TO, 1
